商品编码,商品名称
Y0904808,奕江湖-强磁拉饵盘17cm透灰
Y060524015,钓椅铝镁配件-鱼护架银色
Y050300706,钢丝失手绳3米
Y020070178,AK透明打水桶包底22cm
Y020325002,渔之源小物钓打水桶绿色
202504222204,钓椅新版拐角配件-炮台架+钓椅新版拐角配件-拉饵盘架+钓椅新版拐角配件-鱼护架
Y040200331,伞帽SUPER双层黑胶 大号橡胶圈
Y010300861,金戈硬壳包9*125cm黑色
Y030825028,渔之源怪兽极轻小综合Ⅱ代5.4米
Y010226005,渔之源潮酷竿包1.3米黑蓝
Y010324018,飞翼硬壳包15*130cm黑色（伞兜）
Y010324016,飞翼硬壳包15*130cm白色（伞兜）
Y010424041,AK钢丝包Ⅱ代1.25米双层黑色
Y010324018,飞翼硬壳包15*130cm黑色（伞兜）
Y010325046,飞翼硬壳包15*130cm黑色（伞兜）-KJ
202608060154,渔之源小物竿绿色2.7米+小物包基础+线组
Y030526018,渔之源小物竿2.7米
Y080326027,B-渔之源短节扣架伞卡其2.0米
202602040126,Y-TQJ-T-渔之源扣架伞挪威蓝12棱2.6米+T-25mm黑色铁杆+四插地插
Y010326007,AK硬壳包Ⅲ代14*130cm活力黄（伞兜）
Y060325019,去野全折叠欧式椅加高款
Y010326009,AK硬壳包Ⅲ代14*130cm极光白（伞兜）
Y0804815,短款手杖黑色圆头（基础Ⅱ）
Y020070183,AK水桶40cm黑色基础版
Y020070184,AK水桶45cm黑色基础版
Y020070180,AK透明打水桶20cm
Y020070179,AK透明打水桶包底24cm
Y020070194,战物拼接水桶50cm黑色基础版-KJ
Y010724006,无界路亚前导线包迷彩灰
Y080526022,伞帽SUPER双层黑胶大号胶圈灰色
202603314220,Y-TQJ-B-渔之源扣架伞挪威蓝彩胶2.0米(上)-5pro+B-25mm不锈钢杆-12棱防转+21cm地插+防风插-防转
Y080325082,B-渔之源扣架短节伞雾霾蓝2.2米-KJ
202603314224,Y-TQJ-B-渔之源扣架伞挪威蓝彩胶2.4米(上)-5pro+B-25mm不锈钢杆-12棱防转+21cm地插+防风插-防转
Y020326008,AK打水桶20cm黑色-KJ
Y020326009,AK打水桶22cm黑色-KJ
Y020326010,AK打水桶24cm黑色-KJ
Y020124051,AK水桶50cm黄色基础版-KJ
Y010324031,锋芒硬壳包15*125cm黑色（伞兜）
20260225251,T-AK欧式椅-裸椅+加长臂3件套+饵盘
20260225251,T-AK欧式椅-裸椅+加长臂3件套+饵盘
20260225251,T-AK欧式椅-裸椅+加长臂3件套+饵盘
20260225251,T-AK欧式椅-裸椅+加长臂3件套+饵盘
20260225251,T-AK欧式椅-裸椅+加长臂3件套+饵盘
20260225251,T-AK欧式椅-裸椅+加长臂3件套+饵盘
Y060325001,战物欧式椅—裸椅
Y060325001,战物欧式椅—裸椅
Y060325001,战物欧式椅—裸椅
Y060325001,战物欧式椅—裸椅
Y060325001,战物欧式椅—裸椅
Y060325001,战物欧式椅—裸椅
Y060224052,狩猎升级版骑士椅Ⅱ代-裸椅
Y060224052,狩猎升级版骑士椅Ⅱ代-裸椅
Y060224052,狩猎升级版骑士椅Ⅱ代-裸椅
Y060224052,狩猎升级版骑士椅Ⅱ代-裸椅
202603016011,Y-TQJ-渔之源骑士椅PRO裸椅+背包+脚蹬+铝镁5件套+坐垫
202603016011,Y-TQJ-渔之源骑士椅PRO裸椅+背包+脚蹬+铝镁5件套+坐垫
Y010325040,AK硬壳包Ⅱ代14*125cm活力黄（伞兜）
20250901001,Y-TQJ-去野全折叠欧式椅加高款+月亮椅背包
20250901001,Y-TQJ-去野全折叠欧式椅加高款+月亮椅背包
20250901001,Y-TQJ-去野全折叠欧式椅加高款+月亮椅背包
20250901001,Y-TQJ-去野全折叠欧式椅加高款+月亮椅背包
20250901001,Y-TQJ-去野全折叠欧式椅加高款+月亮椅背包
20250901001,Y-TQJ-去野全折叠欧式椅加高款+月亮椅背包
20250901001,Y-TQJ-去野全折叠欧式椅加高款+月亮椅背包
20250901001,Y-TQJ-去野全折叠欧式椅加高款+月亮椅背包
20250901001,Y-TQJ-去野全折叠欧式椅加高款+月亮椅背包
20250901001,Y-TQJ-去野全折叠欧式椅加高款+月亮椅背包
20250901001,Y-TQJ-去野全折叠欧式椅加高款+月亮椅背包
Y020772535,E-去野经典卡边鱼护2.5米*35cm
Y01048839,狩猎硬壳包10cm*130cm青色
Y040200336,伞帽AK双层黑胶 中号橡胶圈
Y160224081,H-AK卡边鱼护200*25cmⅡ代
Y160224084,H-AK卡边鱼护200*40cmⅡ代
Y160224086,H-AK卡边鱼护250*40cmⅡ代
Y160224085,H-AK卡边鱼护250*35cmⅡ代
Y160224087,H-AK卡边鱼护300*35cmⅡ代
Y090124003,渔之源多功能漂盒51cm-白蓝
Y050125021,根钓钩2.5克2#钩（10枚）
Y020126008,AK水桶50cm挪威蓝包底Ⅱ代
Y160125010,S-青钓双圈鱼护250*33cmⅡ代
Y050125046,螺纹轻舞虫棕色7.5cm（10个）
Y050125040,螺纹轻舞虫暗红7.5cm（10个）
Y050125041,螺纹轻舞虫翠绿5.5cm（10个）
Y050125043,螺纹轻舞虫翠绿7.5cm（10个）
Y050125042,螺纹轻舞虫翠绿6.5cm（10个）
202405103518,Y-TQJ-T-渔之源扣架伞黑橙12棱1.8米（上）Ⅱ代+T-25mm黑色铁杆+21cm地插+防风插-防转
Y160125010,S-青钓双圈鱼护250*33cmⅡ代
202607151504,AK水桶55cm黑色基础版Ⅱ代+氧气泵
Y040200332,伞帽AK双层银胶 中号布帽圈
2026033001,Y-TQJ-AK方形鱼护150*23*23cm+方形鱼护包直径23cm
Y060525005,钓椅新版拐角配件-鱼护架
Y080180538,钓伞四脚折叠底座
Y080524027,去野双层伞帽彩胶浅蓝 中号橡胶圈
202209220022,DY-多功能伸缩支架+地插+360炮台架+360鱼护架+拉饵盘
202209220022,DY-多功能伸缩支架+地插+360炮台架+360鱼护架+拉饵盘
Y010325040,AK硬壳包Ⅱ代14*125cm活力黄（伞兜）
Y010325040,AK硬壳包Ⅱ代14*125cm活力黄（伞兜）
Y010325040,AK硬壳包Ⅱ代14*125cm活力黄（伞兜）
Y010325040,AK硬壳包Ⅱ代14*125cm活力黄（伞兜）
Y010325040,AK硬壳包Ⅱ代14*125cm活力黄（伞兜）
Y010325040,AK硬壳包Ⅱ代14*125cm活力黄（伞兜）
Y010325040,AK硬壳包Ⅱ代14*125cm活力黄（伞兜）
202504090920,B-去野方形扣架伞米色12棱2.0米（上伞）+B-25mm不锈钢杆-银色-LS+21cm地插+防风插
Y060224018,狩猎升级版骑士椅裸椅
Y060224018,狩猎升级版骑士椅裸椅
Y060224018,狩猎升级版骑士椅裸椅
Y060225004,T-狼牙钓椅-裸椅
Y060225004,T-狼牙钓椅-裸椅
Y060225004,T-狼牙钓椅-裸椅
20260330032,钓椅新版拐角配件-拉饵盘架+20cm拉饵盘
Y020126009,AK水桶30cm黑色基础版Ⅱ代
Y020126010,AK水桶35cm黑色基础版Ⅱ代
6978279649678,#N/A
Y0804805,21cm地插+防风插
Y080624009,B-25mm不锈钢杆-银色-LS
Y01048839,狩猎硬壳包10cm*130cm青色
202603110035,Y-TQJ-AKcolor碳素支架杆Ⅲ代2.4米+银色全金属支架头升级版+全金属后挂标准版银色
Y01048822,狩猎硬壳包10cm*130cm黑色
2025020502024,B-去野方形扣架伞浅蓝12棱2.4米（上伞）-KJ+B-25mm不锈钢杆-银色-LS+21cm地插+防风插
202601717024,T-渔之源扣架伞挪威蓝2.4米（上）+24cm地插-四插+T-25mm黑色铁杆+围布天蓝色 （带金属地钉）-配2.4米-KJ
Y020125002,战物水桶40cm黑色升级版
Y010300910,不空硬壳包14*130cm粉色
Y060226002,T-渔之源骑士椅款-裸椅
Y060226002,T-渔之源骑士椅款-裸椅
202408082201,Y-TQJ-暗影欧式椅+包
202408082201,Y-TQJ-暗影欧式椅+包
202408082201,Y-TQJ-暗影欧式椅+包
202408082201,Y-TQJ-暗影欧式椅+包
202408082201,Y-TQJ-暗影欧式椅+包
202408082201,Y-TQJ-暗影欧式椅+包
202408082201,Y-TQJ-暗影欧式椅+包
202408082201,Y-TQJ-暗影欧式椅+包
202602040124,Y-TQJ-T-渔之源扣架伞挪威蓝12棱2.4米+T-25mm黑色铁杆+四插地插
202602040122,Y-TQJ-T-渔之源扣架伞挪威蓝12棱2.2米+T-25mm黑色铁杆+四插地插
202602040124,Y-TQJ-T-渔之源扣架伞挪威蓝12棱2.4米+T-25mm黑色铁杆+四插地插
202602040124,Y-TQJ-T-渔之源扣架伞挪威蓝12棱2.4米+T-25mm黑色铁杆+四插地插
202602040122,Y-TQJ-T-渔之源扣架伞挪威蓝12棱2.2米+T-25mm黑色铁杆+四插地插
202602040124,Y-TQJ-T-渔之源扣架伞挪威蓝12棱2.4米+T-25mm黑色铁杆+四插地插
Y01048839,狩猎硬壳包10cm*130cm青色
Y01048822,狩猎硬壳包10cm*130cm黑色
Y010426004,AK钢丝包Ⅱ代加硬三层1.3米黑色
Y010324017,飞翼硬壳包10*130cm黑色
20260205001,Y-TQJ-T-渔之源骑士椅+背包
Y160125009,S-青钓双圈鱼护200*40cmⅡ代
Y080525007,带耳圆角儿童伞帽单层黄
Y080525014,伞帽单层 大号-藏蓝
202603030361,无界路亚前导线包迷彩灰+大力马剪刀
Y080525008,带耳圆角儿童伞帽单层粉
Y060525010,钓椅铝镁360配件pro版—伞架
Y0904808,奕江湖-强磁拉饵盘17cm透灰
2026033004,Y-TQJ-AK方形鱼护250*31*31cm+方形鱼护包直径31cm
Y080524027,去野双层伞帽彩胶浅蓝 中号橡胶圈
Y020126012,AK水桶40cm黑色升级版Ⅱ代
Y020126014,AK水桶45cm黑色升级版Ⅱ代
Y060325013,去野全折叠欧式椅-裸椅
202602040126,Y-TQJ-T-渔之源扣架伞挪威蓝12棱2.6米+T-25mm黑色铁杆+四插地插
Y060325026,T-渔之源横向钓椅-裸椅
Y010426003,AK钢丝包Ⅱ代加硬双层1.3米黑色
Y060325026,T-渔之源横向钓椅-裸椅
202408082201,Y-TQJ-暗影欧式椅+包
202408082201,Y-TQJ-暗影欧式椅+包
202408082201,Y-TQJ-暗影欧式椅+包
202408082201,Y-TQJ-暗影欧式椅+包
Y060226002,T-渔之源骑士椅款-裸椅
Y060226002,T-渔之源骑士椅款-裸椅
Y060226002,T-渔之源骑士椅款-裸椅
Y060226002,T-渔之源骑士椅款-裸椅
Y060226002,T-渔之源骑士椅款-裸椅
Y060226002,T-渔之源骑士椅款-裸椅
Y060226002,T-渔之源骑士椅款-裸椅
Y060226002,T-渔之源骑士椅款-裸椅
Y060226002,T-渔之源骑士椅款-裸椅
Y060226002,T-渔之源骑士椅款-裸椅
Y080524027,去野双层伞帽彩胶浅蓝 中号橡胶圈
202603312420,Y-TQJ-B-渔之源扣架伞黑金彩胶2.0米(上)-5pro+B-25mm不锈钢杆-12棱防转+21cm地插+防风插-防转
202405131220,Y-TQJ-B-渔之源扣架伞黑金2.0米（上）Ⅱ代+B下杆防转+21防转地插
202405131222,Y-TQJ-B-渔之源扣架伞黑金2.2米（上）Ⅱ代+B下杆防转+21防转地插
202507160026,Y-TQJ-B-去野方形扣架伞雾霾蓝12棱2.6米（上）-Jpro+B-25mm不锈钢杆-银色-LS+钓伞盒装地插-30cm
202601717020,T-渔之源扣架伞挪威蓝2.0米（上）+24cm地插-四插+T-25mm黑色铁杆+围布天蓝色 （带金属地钉）-配2.0米-KJ
Y010724008,无界路亚前导线包黑色
Y010424034,纵横渔具包Ⅱ代1.3米双层大肚灰色
Y010325014,锋芒硬壳包15*125cm银色（伞兜）
Y010326016,跑车风硬壳包15*125黑色（伞兜）
Y010326018,跑车风硬壳包15*130黑色（伞兜）
Y010326014,跑车风硬壳包10*130黑色
202603016011,Y-TQJ-渔之源骑士椅PRO裸椅+背包+脚蹬+铝镁5件套+坐垫
202603016011,Y-TQJ-渔之源骑士椅PRO裸椅+背包+脚蹬+铝镁5件套+坐垫
Y060326006,L-渔之源全折叠欧式椅加高款灰色-裸椅
Y060224018,狩猎升级版骑士椅裸椅
Y060224052,狩猎升级版骑士椅Ⅱ代-裸椅
Y060224052,狩猎升级版骑士椅Ⅱ代-裸椅
Y060224052,狩猎升级版骑士椅Ⅱ代-裸椅
Y010326011,渔之源阀钓硬壳包20*100cm蓝色-KJ
Y010326011,渔之源阀钓硬壳包20*100cm蓝色-KJ
Y010326011,渔之源阀钓硬壳包20*100cm蓝色-KJ
Y010326011,渔之源阀钓硬壳包20*100cm蓝色-KJ
Y010326011,渔之源阀钓硬壳包20*100cm蓝色-KJ
Y010326011,渔之源阀钓硬壳包20*100cm蓝色-KJ
Y010326011,渔之源阀钓硬壳包20*100cm蓝色-KJ
20260225251,T-AK欧式椅-裸椅+加长臂3件套+饵盘
20260225251,T-AK欧式椅-裸椅+加长臂3件套+饵盘
Y060325001,战物欧式椅—裸椅
Y060325001,战物欧式椅—裸椅
Y060325001,战物欧式椅—裸椅
Y060325001,战物欧式椅—裸椅
Y060325001,战物欧式椅—裸椅
20260205001,Y-TQJ-T-渔之源骑士椅+背包
20260205001,Y-TQJ-T-渔之源骑士椅+背包
202504017001,Y-TQJ-功夫骑士椅黑色pro版-裸椅+背包
202504017001,Y-TQJ-功夫骑士椅黑色pro版-裸椅+背包
Y060226004,T-渔之源骑士椅PRO裸椅
Y060226004,T-渔之源骑士椅PRO裸椅
Y010426003,AK钢丝包Ⅱ代加硬双层1.3米黑色
Y010426004,AK钢丝包Ⅱ代加硬三层1.3米黑色
Y010324017,飞翼硬壳包10*130cm黑色
Y010324018,飞翼硬壳包15*130cm黑色（伞兜）
Y010426002,AK钢丝包Ⅱ代加硬三层1.25米黑色
Y010426003,AK钢丝包Ⅱ代加硬双层1.3米黑色
Y010426005,AK钢丝包Ⅱ代加硬三层大肚1.3米黑色
Y010324016,飞翼硬壳包15*130cm白色（伞兜）
Y010324015,飞翼硬壳包10*130cm白色
Y010324017,飞翼硬壳包10*130cm黑色
Y01048839,狩猎硬壳包10cm*130cm青色
Y010225032,P-AK大肚竿包1.3米黑色（双侧兜）
Y010225032,P-AK大肚竿包1.3米黑色（双侧兜）
Y010225032,P-AK大肚竿包1.3米黑色（双侧兜）
Y010225032,P-AK大肚竿包1.3米黑色（双侧兜）
Y010225032,P-AK大肚竿包1.3米黑色（双侧兜）
Y010324031,锋芒硬壳包15*125cm黑色（伞兜）
Y010324031,锋芒硬壳包15*125cm黑色（伞兜）
Y010425029,纵横渔具包1.25米双层大肚黑色-KJ
Y090124035,渔之源二合一黑金漂盒72CM单层
Y160224089,H-AK卡边鱼护300*45cmⅡ代
Y010324031,锋芒硬壳包15*125cm黑色（伞兜）
Y010324030,锋芒硬壳包10*125cm黑色
Y010225032,P-AK大肚竿包1.3米黑色（双侧兜）
Y060325001,战物欧式椅—裸椅
202603016011,Y-TQJ-渔之源骑士椅PRO裸椅+背包+脚蹬+铝镁5件套+坐垫
Y060326006,L-渔之源全折叠欧式椅加高款灰色-裸椅
Y060326006,L-渔之源全折叠欧式椅加高款灰色-裸椅
Y010324030,锋芒硬壳包10*125cm黑色
Y010225032,P-AK大肚竿包1.3米黑色（双侧兜）
Y010325014,锋芒硬壳包15*125cm银色（伞兜）
Y010424033,纵横渔具包Ⅱ代1.25米双层大肚灰色
Y060226004,T-渔之源骑士椅PRO裸椅
Y060325001,战物欧式椅—裸椅
20260205001,Y-TQJ-T-渔之源骑士椅+背包
Y080180538,钓伞四脚折叠底座
20260205001,Y-TQJ-T-渔之源骑士椅+背包
Y060224018,狩猎升级版骑士椅裸椅
20260205001,Y-TQJ-T-渔之源骑士椅+背包
Y010426001,AK钢丝包Ⅱ代加硬双层1.25米黑色
Y010426003,AK钢丝包Ⅱ代加硬双层1.3米黑色
Y010426004,AK钢丝包Ⅱ代加硬三层1.3米黑色
Y010426005,AK钢丝包Ⅱ代加硬三层大肚1.3米黑色
202602060020,Y-TQJ-B-渔之源彩绘扣架伞2.0米（上）-1pro+B-25mm不锈钢杆-银色-LS+24cm地插-四插
2026033005,Y-TQJ-AK方形鱼护300*31*31cm+方形鱼护包直径31cm
202504181822,T-渔之源扣架伞卡其12棱2.2米（上）-KJ+T-25mm黑色铁杆+24cm地插-四插
Y080325086,B-渔之源扣架短节伞蒂芙尼蓝2.2米-KJ
Y0804815,短款手杖黑色圆头（基础Ⅱ）
Y080526006,双骨伞帽双层特大号胶圈-咖色Ⅱ代
Y160125007,S-青钓双圈鱼护200*25cmⅡ代
Y160125010,S-青钓双圈鱼护250*33cmⅡ代
Y160224084,H-AK卡边鱼护200*40cmⅡ代
Y100225002,去野碳素支架杆基础款Ⅱ代2.1米（单杆+后挂）
Y080325087,T-渔之源扣架伞黑色12棱2.0米(上)-KJ
Y080325181,B-去野方形扣架伞雾霾蓝12棱2.4米（上）-Jpro
Y090126005,渔之源强磁浮水盘小
Y010325017,锋芒硬壳包15*125cm墨绿色（伞兜）
Y010326008,AK硬壳包Ⅲ代14*130cm暗夜黑（伞兜）
Y010424033,纵横渔具包Ⅱ代1.25米双层大肚灰色
Y010425027,纵横渔具包1.25米双层黑色-KJ
Y040126116,半身-H黑色【反光双膝】43码-D
Y040126118,半身-H黑色【反光双膝】45码-D
Y040200332,伞帽AK双层银胶 中号布帽圈
Y060525014,钓椅精工铝镁配件-鱼护架
Y080125003,T-单层伞银胶蓝1.8米-KJ
Y160224075,去野方形鱼护150*26*26cm-Ⅲ代（不含包）
Y100225004,去野碳素支架杆基础款Ⅱ代2.7米（单杆+后挂）
Y010326005,AK硬壳包Ⅲ代14*125cm极光白（伞兜）
Y040200335,伞帽AK双层银胶 大号橡胶圈
Y060325016,小蜻蜓全折叠欧式椅Pro-裸椅
Y140124294,怪兽强力无结线组4.5米2.5号
Y100226019,AK碳素短节支架杆Ⅱ代1.7米
Y080326068,B-渔之源扣架伞黑金彩胶2.0米(上)-5pro
Y060525002,露营车链接件伞架（方16，圆19）
Y080524029,去野双层伞帽彩胶湛蓝 中号橡胶圈
Y080524030,去野双层伞帽彩胶湛蓝 大号橡胶圈
Y160224042,方形鱼护包直径26cm(通用）
Y010326012,跑车风硬壳包10*125黑色
Y010624026,P-小蜻蜓大肚竿包1.3米浅水绿（侧兜）
Y010625025,无界双肩路亚背包迷彩灰-KJ
Y020772035,E-去野经典卡边鱼护2.0米*35cm
Y050504325,钓椅铝镁配件360度旋转—伞架
Y060325026,T-渔之源横向钓椅-裸椅
Y140124260,AK无结线组7.2米6.0号
Y160224025,去野基础方形鱼护250*23*23cm-Ⅱ代（不含包）
Y010325013,锋芒硬壳包10*125cm银色
Y010426003,AK钢丝包Ⅱ代加硬双层1.3米黑色
Y020070172,AK透明打水桶包底18cm（圆形）
Y020126018,AK透明水桶40cm藏蓝Ⅱ代
Y080324094,B-渔之源扣架短节伞卡其2.0米
Y140124295,怪兽强力无结线组4.5米3.0号
Y160224081,H-AK卡边鱼护200*25cmⅡ代
Y160224077,去野方形鱼护200*31*31cm-Ⅲ代（不含包）
Y080124018,B-去野方形扣架伞浅蓝12棱2.2米（上伞）-KJ
Y010326007,AK硬壳包Ⅲ代14*130cm活力黄（伞兜）
Y010326010,AK硬壳包Ⅲ代9*125cm极光白
Y010326014,跑车风硬壳包10*130黑色
Y010326018,跑车风硬壳包15*130黑色（伞兜）
Y010424027,纵横渔具包Ⅱ代1.0米双层灰色
Y020126007,AK水桶45cm挪威蓝包底Ⅱ代
Y020772535,E-去野经典卡边鱼护2.5米*35cm
Y040126115,半身-H黑色【反光双膝】42码-D
Y040126117,半身-H黑色【反光双膝】44码-D
Y050504331,钓椅铝镁360配件升级款—饵盘架
Y060326003,T-AK全折叠欧式椅加高款黑色-裸椅
Y090126008,欧式椅托盘
Y160224024,去野基础方形鱼护200*23*23cm-Ⅱ代（不含包）
Y160224079,去野方形鱼护250*31*31cm-Ⅲ代（不含包）
Y160224080,去野方形鱼护300*31*31cm-Ⅲ代（不含包）
Y100225001,去野碳素支架杆基础款Ⅱ代1.8米（单杆+后挂）
Y100225005,去野碳素支架杆基础款Ⅱ代3.0米（单杆+后挂）
Y010324016,飞翼硬壳包15*130cm白色（伞兜）
Y010325011,摩登涂鸦硬壳包15*130cm
Y010625006,无界单肩路亚包苔藓绿色-KJ
Y020126020,AK透明水桶50cm藏蓝Ⅱ代
Y040126113,半身-H黑色【反光双膝】40码-D
Y040126114,半身-H黑色【反光双膝】41码-D
Y050504333,钓椅铝镁360配件升级款—鱼护架
Y060325007,暗影欧式椅—裸椅-KJ
Y060325010,去野欧式椅-裸椅
Y9703015367,支架地插黑色
Y080325107,B-渔之源扣架伞黑金12棱2.4米（上）
Y010324015,飞翼硬壳包10*130cm白色
Y010326019,跑车风硬壳包15*130白色（伞兜）
Y010624025,P-小蜻蜓大肚竿包1.3米浅水绿
Y020126006,AK水桶40cm挪威蓝包底Ⅱ代
Y040124073,新款黄针织护膝半胸前大兜（新黑红C）反光腰带46码-A
Y040200327,伞帽SUPER双层银胶 中号橡胶圈
Y050125075,渔之源壁挂鱼竿架（六孔位）-KJ
Y140124253,AK无结线组7.2米1.2号
Y160126001,AK双圈鱼护150*25cm青色
Y160126003,AK双圈鱼护200*33cm青色
Y160224076,去野方形鱼护200*26*26cm-Ⅲ代（不含包）
Y160224078,去野方形鱼护250*26*26cm-Ⅲ代（不含包）
Y310226002,KEVE露营桌-茶雾绿90cm
Y060525003,露营车链接件伞架（方20，圆25）
Y080325179,B-去野方形扣架伞雾霾蓝12棱2.0米（上）-Jpro
Y020224009,AK碳纹鱼护桶42cm黑色插杆
Y020772025,E-去野经典卡边鱼护2.0米*25cm
Y020772030,E-去野经典卡边鱼护2.0米*30cm
Y140124293,怪兽强力无结线组4.5米2.0号
Y080325089,T-渔之源扣架伞黑色12棱2.4米(上)-KJ
Y010325008,山隐阀钓硬壳包18*125cm黑色
Y010326016,跑车风硬壳包15*125黑色（伞兜）
Y010426001,AK钢丝包Ⅱ代加硬双层1.25米黑色
Y040200337,伞帽AK双层黑胶 大号橡胶圈
Y170125017,AC3000渔轮
Y080324142,T-战物扣架伞挪威蓝12棱2.2米（上伞）
Y010325040,AK硬壳包Ⅱ代14*125cm活力黄（伞兜）
Y010424006,渔之源便携渔具包80cm双层深灰
Y010625026,无界双肩路亚背包卡其色-KJ
Y040124064,新款黄针织护膝半胸前大兜（新黑红C）反光腰带37码-A
Y040200328,伞帽SUPER双层银胶 大号布帽圈
Y160126004,AK双圈鱼护250*33cm青色
Y170125015,AC1000渔轮
Y170125018,AC4000渔轮
Y310226004,KEVE露营桌-茶雾绿120cm
Y080326061,B-渔之源扣架伞挪威蓝2.2米-10pro
Y080326057,B-渔之源扣架伞蒂芙尼蓝2.2米-10pro
Y060424008,渔之源桥钓椅裸椅
Y160224076,去野方形鱼护200*26*26cm-Ⅲ代（不含包）
Y160224078,去野方形鱼护250*26*26cm-Ⅲ代（不含包）
202503219878,Y-TQJ-去野双层伞帽彩胶湛蓝  中号橡胶圈+袖套
Y010326012,跑车风硬壳包10*125黑色
Y010326016,跑车风硬壳包15*125黑色（伞兜）
Y140124253,AK无结线组7.2米1.2号
202507160022,Y-TQJ-B-去野方形扣架伞雾霾蓝12棱2.2米（上）-Jpro+B-25mm不锈钢杆-银色-LS+钓伞盒装地插-30cm
Y040200328,伞帽SUPER双层银胶 大号布帽圈
Y040200336,伞帽AK双层黑胶 中号橡胶圈
Y080524014,双骨伞帽双层黑胶 中号橡胶圈-咖色
Y080524016,双骨伞帽双层黑胶 特大号橡胶圈-咖色
Y310226002,KEVE露营桌-茶雾绿90cm
Y310226004,KEVE露营桌-茶雾绿120cm
Y010326008,AK硬壳包Ⅲ代14*130cm暗夜黑（伞兜）
Y010625025,无界双肩路亚背包迷彩灰-KJ
Y010424006,渔之源便携渔具包80cm双层深灰
Y020126006,AK水桶40cm挪威蓝包底Ⅱ代
Y040124064,新款黄针织护膝半胸前大兜（新黑红C）反光腰带37码-A
Y010624025,P-小蜻蜓大肚竿包1.3米浅水绿
Y060525002,露营车链接件伞架（方16，圆19）
Y160126003,AK双圈鱼护200*33cm青色
Y160126004,AK双圈鱼护250*33cm青色
Y170125015,AC1000渔轮
Y170125018,AC4000渔轮
202405131224,Y-TQJ-B-渔之源扣架伞黑金2.4米（上）Ⅱ代+B下杆防转+21防转地插
202503219876,Y-TQJ-去野双层伞帽彩胶浅蓝 中号橡胶圈+袖套
202503219879,Y-TQJ-去野双层伞帽彩胶湛蓝  大号橡胶圈+袖套
202507160022,Y-TQJ-B-去野方形扣架伞雾霾蓝12棱2.2米（上）-Jpro+B-25mm不锈钢杆-银色-LS+钓伞盒装地插-30cm
202503211122,Y-TQJ-B-渔之源扣架伞挪威蓝2.2米-10pro+B-25mm不锈钢杆-银色-LS+24cm地插-四插
202503212222,Y-TQJ-B-渔之源扣架伞蒂芙尼蓝2.2米-10pro+24cm地插-四插
202408082201,Y-TQJ-暗影欧式椅+包
Y010325040,AK硬壳包Ⅱ代14*125cm活力黄（伞兜）
Y010625026,无界双肩路亚背包卡其色-KJ
Y010625025,无界双肩路亚背包迷彩灰-KJ
Y020070182,AK透明打水桶24cm
Y040200338,伞帽AK单层银胶大号布帽圈
Y040200334,伞帽AK双层银胶 大号布帽圈
Y020070180,AK透明打水桶20cm
Y020070179,AK透明打水桶包底24cm
Y020070186,AK水桶55cm黑色基础版
Y040200331,伞帽SUPER双层黑胶 大号橡胶圈
Y020070185,AK水桶50cm黑色基础版
Y020070183,AK水桶40cm黑色基础版
202604272722,T-渔之源扣架伞卡其12棱2.2米（上）-KJ+围布
Y020070184,AK水桶45cm黑色基础版
202603312426,Y-TQJ-B-渔之源扣架伞黑金彩胶2.6米(上)-5pro+B-25mm不锈钢杆-12棱防转+21cm地插+防风插-防转
Y050504332,钓椅铝镁360配件升级款—炮台架
Y020070188,AK水桶45cm黑色升级版
202604272724,T-渔之源扣架伞卡其12棱2.4米（上）-KJ+围布
202603314226,Y-TQJ-B-渔之源扣架伞挪威蓝彩胶2.6米(上)-5pro+B-25mm不锈钢杆-12棱防转+21cm地插+防风插-防转
Y080125001,T-单层伞黑胶蓝1.8米-KJ
Y080324087,B-渔之源扣架短节伞雾霾蓝2.0米
Y080525014,伞帽单层 大号-藏蓝
Y080525007,带耳圆角儿童伞帽单层黄
Y080180537,钓伞三脚架白色
202504181824,T-渔之源扣架伞卡其12棱2.4米（上）-KJ+T-25mm黑色铁杆+24cm地插-四插
Y010724006,无界路亚前导线包迷彩灰
Y020070187,AK水桶40cm黑色升级版
20240901002,Y-TQJ-新铝镁配件4件套
Y0804815,短款手杖黑色圆头（基础Ⅱ）
Y080524027,去野双层伞帽彩胶浅蓝 中号橡胶圈
Y080125003,T-单层伞银胶蓝1.8米-KJ
Y040200332,伞帽AK双层银胶 中号布帽圈
202504090926,B-去野方形扣架伞米色12棱2.6米（上伞）+B-25mm不锈钢杆-银色-LS+21cm地插+防风插
202603312420,Y-TQJ-B-渔之源扣架伞黑金彩胶2.0米(上)-5pro+B-25mm不锈钢杆-12棱防转+21cm地插+防风插-防转
Y010324030,锋芒硬壳包10*125cm黑色
Y080525008,带耳圆角儿童伞帽单层粉
Y040200336,伞帽AK双层黑胶 中号橡胶圈
20260330032,钓椅新版拐角配件-拉饵盘架+20cm拉饵盘
Y080526009,去野双层伞帽中号胶圈-彩胶浅蓝Ⅱ代
Y080524028,去野双层伞帽彩胶浅蓝 大号橡胶圈
Y040200331,伞帽SUPER双层黑胶 大号橡胶圈
Y010724007,无界路亚前导线包迷彩蓝
Y010724006,无界路亚前导线包迷彩灰
202504090926,B-去野方形扣架伞米色12棱2.6米（上伞）+B-25mm不锈钢杆-银色-LS+21cm地插+防风插
Y080524030,去野双层伞帽彩胶湛蓝 大号橡胶圈
Y020070194,战物拼接水桶50cm黑色基础版-KJ
Y050504325,钓椅铝镁配件360度旋转—伞架
Y020070184,AK水桶45cm黑色基础版
Y020070183,AK水桶40cm黑色基础版
Y020126018,AK透明水桶40cm藏蓝Ⅱ代
Y080526008,去野双层伞帽大号胶圈-彩胶咖Ⅱ代
Y010425038,纵横渔具包双层60cm黑色-KJ
Y010325010,摩登涂鸦硬壳包10*130cm
Y080524028,去野双层伞帽彩胶浅蓝 大号橡胶圈
Y020070172,AK透明打水桶包底18cm（圆形）
Y050504332,钓椅铝镁360配件升级款—炮台架
Y080324094,B-渔之源扣架短节伞卡其2.0米
Y020070177,AK透明打水桶包底20cm
Y090126008,欧式椅托盘
202604272720,T-渔之源扣架伞卡其12棱2.0米（上）-KJ+围布
Y020070180,AK透明打水桶20cm
Y020070182,AK透明打水桶24cm
202601301726,Y-TQJ-B-渔之源扣架伞黑金2.6米（上）Ⅱ代+B下伞杆+四插地插
Y010326007,AK硬壳包Ⅲ代14*130cm活力黄（伞兜）
Y010424027,纵横渔具包Ⅱ代1.0米双层灰色
Y060525010,钓椅铝镁360配件pro版—伞架
Y060525006,钓椅新版拐角配件-拉饵盘架
Y050504331,钓椅铝镁360配件升级款—饵盘架
Y020126020,AK透明水桶50cm藏蓝Ⅱ代
Y020070179,AK透明打水桶包底24cm
202603314220,Y-TQJ-B-渔之源扣架伞挪威蓝彩胶2.0米(上)-5pro+B-25mm不锈钢杆-12棱防转+21cm地插+防风插-防转
Y010426007,迷踪便携渔具包1.3米三层灰色-KJ
202504181822,T-渔之源扣架伞卡其12棱2.2米（上）-KJ+T-25mm黑色铁杆+24cm地插-四插
202504181820,T-渔之源扣架伞卡其12棱2.0米（上）-KJ+T-25mm黑色铁杆+24cm地插-四插
Y080526007,去野双层伞帽中号胶圈-彩胶咖Ⅱ代
Y010325016,锋芒硬壳包10*125cm墨绿色
Y010325014,锋芒硬壳包15*125cm银色（伞兜）
Y010426004,AK钢丝包Ⅱ代加硬三层1.3米黑色
Y080524029,去野双层伞帽彩胶湛蓝 中号橡胶圈
Y060424008,渔之源桥钓椅裸椅
Y010424026,纵横渔具包Ⅱ代80cm双层灰色
202511282801,钓椅新版拐角配件-双炮台架+支架*2
Y060325027,T-去野全折叠欧式椅灰色-裸椅-KJ
Y010625006,无界单肩路亚包苔藓绿色-KJ
Y060525009,钓椅铝镁360配件pro版—鱼护架
Y060325007,暗影欧式椅—裸椅-KJ
Y050125078,八字环连接器小号（10个）-KJ
202504222204,钓椅新版拐角配件-炮台架+钓椅新版拐角配件-拉饵盘架+钓椅新版拐角配件-鱼护架
Y080524027,去野双层伞帽彩胶浅蓝 中号橡胶圈
Y0904808,奕江湖-强磁拉饵盘17cm透灰
Y050504333,钓椅铝镁360配件升级款—鱼护架
20230911001,新款不锈钢2.1支架+地插
Y160126001,AK双圈鱼护150*25cm青色
Y160126003,AK双圈鱼护200*33cm青色
Y160126004,AK双圈鱼护250*33cm青色
Y160224081,H-AK卡边鱼护200*25cmⅡ代
Y160224084,H-AK卡边鱼护200*40cmⅡ代
Y160224089,H-AK卡边鱼护300*45cmⅡ代
Y160226001,AK方形鱼护150*23*23cm（不含包）黑色
Y160226002,AK方形鱼护200*23*23cm（不含包）黑色
Y160226003,AK方形鱼护200*31*31cm（不含包）黑色
Y160226004,AK方形鱼护250*31*31cm（不含包）黑色
Y160226005,AK方形鱼护300*31*31cm（不含包）黑色
Y170125015,AC1000渔轮
Y170125016,AC2000渔轮
Y170125017,AC3000渔轮
Y170125018,AC4000渔轮
Y170224007,暗影水滴轮左手黑色
Y170224008,暗影水滴轮右手黑色
Y20250701011,#N/A
Y20250701012,#N/A
Y2025070103,#N/A
Y9703015366,渔之源不锈钢支架2.1米黑色
Y020325002,渔之源小物钓打水桶绿色
Y020325001,渔之源小物钓打水桶棕色
202502211001,T-YQJ-小鱼玩短节儿童网杆1.0米粉+儿童网头（粉）
Y010102723,游龙主包双层80cm蓝色
Y01069096,AK单竿包1.25米黄色
Y010424019,战物钢丝包蓝色1.3米双层
202502211003,T-YQJ-小鱼玩短节儿童网杆1.0米蓝+儿童网头（蓝）
Y020124015,AK-COLOR水桶30cm雾霾蓝
Y040125579,无界路亚手套漏三指-灰色-L码
Y010224003,P-小蜻蜓小竿包1.3米浅绿白Ⅰ
Y160224058,苍澜方形鱼护200*23*23cm（不含包）
202503111124,Y-TQJ-B-小蜻蜓扣架伞黑胶12棱2.4米+B下伞杆
202502211002,T-YQJ-小鱼玩短节儿童网杆1.0米绿+儿童网头（绿）
Y080625019,户外伞固定夹大号（管径25-35）-KJ
Y040124069,新款黄针织护膝半胸前大兜（新黑红C）反光腰带42码-A
Y020070178,AK透明打水桶包底22cm
Y020070181,AK透明打水桶22cm
202503111122,Y-TQJ-B-小蜻蜓扣架伞黑胶12棱2.2米+B下伞杆
Y020324008,去野打水桶18cm灰色（圆形）
Y020124034,战物水桶35cm墨绿基础版
202312120124,Y-TQJ-B-青钓扣架伞黑胶蓝12棱2.4米
Y070125001,32L-渔之源竞技钓箱白色（裸箱）
202312250016,32L青钓两用钓箱绿色（三件套）+支架+拉饵盘+坐垫
Y040124064,新款黄针织护膝半胸前大兜（新黑红C）反光腰带37码-A
Y040124073,新款黄针织护膝半胸前大兜（新黑红C）反光腰带46码-A
Y020325004,渔之源打水桶20cm棕色-KJ
Y140125070,AK免调漂线组套装5.4米1号
Y040200334,伞帽AK双层银胶 大号布帽圈
Y010424013,渔之源便携渔具包1.25米三层大肚深灰
Y020070102,钓箱滑轨拉饵盘架（黑红）
202505190124,Y-TQJ小蜻蜓短节抄网2.4米+浅绿40cm网头
Y140125068,AK免调漂线组套装4.5米3号
Y140125076,AK免调漂线组套装5.4米3.5号
Y030524004,小蜻蜓短节溪流竿5.4米
Y050125092,路亚两指手套右手黑色-KJ
Y060525015,钓椅精工铝镁配件-饵盘架
202503201020,DY-T-渔之源扣架伞蒂芙尼蓝12棱2.0米(上)-Jpro+T-25mm黑色铁杆+24cm地插-四插
Y060525013,钓椅精工铝镁配件-炮台架
Y010224004,P-小蜻蜓小竿包1.3米浅水绿Ⅱ
Y020424004,渔之源渔具袋棕色升级47*47cm
Y010400568,青钓双层竿包1.3米-夜光（伞兜）
Y050125087,铜环洛阳球球浮漂28毫米（20个）-KJ
Y040125578,无界路亚手套漏三指-灰紫-L码
202406141018,Y-TQJ-墨羽支架杆1.8米+金属后挂+金属支架头
Y100225094,单向地插升级版海天蓝
Y020325009,AK加高打水桶24cm黑色带插杆
Y01069782,AK背包60cm黑色Ⅱ代
Y010300914,金戈硬壳包18*125cm浅蓝（有架）
202507160124,Y-TQJ-B-去野方形扣架伞雾霾蓝12棱2.4米（上）-Jpro+B-按键调节式长手杖-12棱+钓伞盒装地插-30cm
202409060030,Y-TQJ白鲸支架3.0米+银色金属支架头+银色金属后挂
20250603001,Y-TQJ-精工配件3件套
Y020324019,渔之源打水桶22cm黄色-KJ
Y050201270,LD3000渔轮
Y050201203,渔之源FC1000渔轮
Y020324018,渔之源打水桶20cm黄色-KJ
Y010625017,无界灵犀路亚腰包灰色小号
Y090124025,渔之源强磁拉饵盘17cm蓝
Y110124004,渔之源简约手抄网黑色小号
Y040124065,新款黄针织护膝半胸前大兜（新黑红C）反光腰带38码-A
Y040124070,新款黄针织护膝半胸前大兜（新黑红C）反光腰带43码-A
Y010424010,渔之源便携渔具包1.3米双层深灰
Y140124308,怪兽强力无结线组5.4米2.5号
Y040124071,新款黄针织护膝半胸前大兜（新黑红C）反光腰带44码-A
Y160424004,S-小蜻蜓谷麦鱼护100*50cm
202505190121,Y-TQJ小蜻蜓短节抄网2.1米+浅绿40cm网头
Y010424015,渔之源便携渔具包1.3米三层大肚深灰
Y070124007,19L-小蜻蜓竞技钓箱（裸箱）
Y040125056,3D黑色PVC齐腰裤38-39码-C
Y060224009,去野户外风向椅大号
Y090124023,渔之源强磁拉饵盘17cm粉
Y030324008,无界路亚竿直柄2.40米升级版
Y140124239,AK无结线组5.4米2.5号
202505190117,Y-TQJ小蜻蜓短节抄网1.7米+浅绿40cm网头
Y060525014,钓椅精工铝镁配件-鱼护架
Y140124242,AK无结线组5.4米5.0号
Y010424008,渔之源便携渔具包1.25米双层深灰
Y010724005,无界纺车轮包
202507160024,Y-TQJ-B-去野方形扣架伞雾霾蓝12棱2.4米（上）-Jpro+B-25mm不锈钢杆-银色-LS+钓伞盒装地插-30cm
Y01069676,AK背包70cm黑色Ⅱ代
Y050201260,DK7000渔轮
2025061701026,B-渔之源扣架伞彩胶天蓝12棱2.6米（上）-Jpro+B-25mm不锈钢杆-银色-LS+21cm地插+防风插
Y110124006,渔之源便携折叠手抄网黑色0.9米
202401150122,Y-TQJ-L-去野扣架伞黑胶浅蓝12棱2.2米
Y160424002,S-小蜻蜓谷麦鱼护100*40cm
Y010102728,P-AK背包60cm黑色
Y140125063,AK免调漂线组套装4.5米1号
Y140125074,AK免调漂线组套装5.4米1.5号
Y140124225,AK无结线组4.5米2.5号
Y040200332,伞帽AK双层银胶 中号布帽圈
Y080325148,B-小蜻蜓扣架短节伞蒂芙尼蓝2.2米-pro
Y080325158,B-小蜻蜓扣架短节伞雾霾蓝2.2米-pro
202504120024,DY-T-渔之源扣架伞卡其12棱2.4米-Jpro+T下竿+24cm地插-四插
y010402029,AK钢丝包1.3米三层黑色
Y050125030,鱼眼根钓钩5克1#钩（10枚）
202302171624,Y-TQJ-L-去野扣架伞浅卡其数码款2.4米
Y010724004,无界水滴轮包
Y050301408,直柄控鱼器
Y140124224,AK无结线组4.5米2.0号
Y020325007,AK加高打水桶20cm黑色带插杆
Y110124011,渔之源便携折叠手抄网浅绿0.9米
Y050125029,鱼眼根钓钩3.5克2#钩（10枚）
Y140124238,AK无结线组5.4米2.0号
Y050125031,鱼眼根钓钩5克2#钩（10枚）
Y140125055,AK免调漂线组套装3.6米1.2号
Y140125064,AK免调漂线组套装4.5米1.2号
2025061701022,B-渔之源扣架伞彩胶天蓝12棱2.2米（上）-Jpro+B-25mm不锈钢杆-银色-LS+21cm地插+防风插
Y020762025,S-青钓双圈鱼护2.0米*25cm
Y040124067,新款黄针织护膝半胸前大兜（新黑红C）反光腰带40码-A
Y050201269,LD2000渔轮
Y020070177,AK透明打水桶包底20cm
202503201022,DY-T-渔之源扣架伞蒂芙尼蓝12棱2.2米(上)-Jpro+T-25mm黑色铁杆+24cm地插-四插
Y020752033,S-青钓双圈鱼护2.0米*33cm
Y140124260,AK无结线组7.2米6.0号
Y160424001,S-小蜻蜓谷麦鱼护80*40cm
Y140124279,怪兽强力无结线组3.6米2.0号
y010402025,AK钢丝包1.2米双层黑色
Y1100503,国货抄网头30cm
Y010300913,不空硬壳包9*130cm粉色
Y140124309,怪兽强力无结线组5.4米3.0号
Y080224004,T-双层伞黑胶蓝2.4米
Y140124240,AK无结线组5.4米3.0号
Y020124050,AK水桶40cm黄色基础版-KJ
Y050125094,渔之源卷线器基础款-KJ
Y050201256,DK3000渔轮
Y050201114,UE5000渔轮
Y040124063,新款黄针织护膝半胸前大兜（新黑红C）反光腰带36码-A
20250715022,户外伞固定夹大号（管径25-35）-KJ*2
Y050125086,铜环洛阳球球浮漂21毫米（20个）-KJ
Y170124017,WD1000渔轮
Y140124306,怪兽强力无结线组5.4米1.5号
Y020124047,AK水桶40cm黄色-KJ
Y050201257,DK4000渔轮
Y140124223,AK无结线组4.5米1.5号
Y160424008,S-小蜻蜓谷麦鱼护100*55cm
Y050201274,LD7000渔轮
202409060027,Y-TQJ白鲸支架2.7米+银色金属支架头+银色金属后挂
Y110124001,渔之源战物铝合金折叠抄网银色
2023122700001,#N/A
Y110124008,渔之源便携折叠手抄网黑色2.1米
Y020124052,AK水桶55cm黄色基础版-KJ
Y020070142,SUPER水桶50cm黑色升级版
Y020424003,渔之源渔具袋棕色47*47cm
y010402027,AK钢丝包1.25米三层黑色
Y050125027,鱼眼根钓钩2.5克2#钩（10枚）
Y090124037,渔之源溪流腰盒黑色
Y01018525,飞驰路亚竿包1.3米灰色
Y050125028,鱼眼根钓钩3.5克1#钩（10枚）
202409060021,Y-TQJ白鲸支架2.1米+银色金属支架头+银色金属后挂
Y140124227,AK无结线组4.5米4.0号
Y010424021,AK钢丝包升级款1.25米双层
Y140125054,AK免调漂线组套装3.6米1号
Y140125071,AK免调漂线组套装5.4米1.2号
Y080224001,T-双层伞黑胶蓝1.8米
Y140124265,AK无结线组8.1米3.0号
Y010402031,AK钢丝包简约款80cm双层
Y140124294,怪兽强力无结线组4.5米2.5号
Y140124296,怪兽强力无结线组4.5米4.0号
Y140124310,怪兽强力无结线组5.4米4.0号
Y050125084,渔之源路亚活鱼扣5米5扣+地插+手提
Y050125019,铅头钩7克2/0#钩（10枚）
Y110124002,渔之源战物铝合金折叠抄网蓝色
Y040200330,伞帽SUPER双层黑胶 中号橡胶圈
Y140124311,怪兽强力无结线组5.4米5.0号
Y140124307,怪兽强力无结线组5.4米2.0号
Y050125026,鱼眼根钓钩2.5克1#钩（10枚）
Y010600440,无界路亚包灰色大号
Y010625016,无界灵犀路亚腰包黑色小号
Y020124030,小蜻蜓水桶50cm青色升级
Y010400913,纵横渔具包80cm双层烟灰色
Y140124293,怪兽强力无结线组4.5米2.0号
Y010402034,AK钢丝包简约款1.3米双层
Y140124261,AK无结线组8.1米1.2号
Y020124029,小蜻蜓水桶45cm青色升级
Y140124262,AK无结线组8.1米1.5号
Y140124267,AK无结线组8.1米5.0号
Y050201115,UE6000渔轮
Y140124257,AK无结线组7.2米3.0号
Y020124028,小蜻蜓水桶40cm青色升级
Y030324009,无界微物路亚竿直柄1.50米
Y050201258,DK5000渔轮
Y140124226,AK无结线组4.5米3.0号
Y020070179,AK透明打水桶包底24cm
Y060525005,钓椅新版拐角配件-鱼护架
Y060525004,钓椅新版拐角配件-炮台架
Y020125007,渔之源水桶40cm黑色基础版-KJ
Y170125020,AC6000渔轮
Y080624015,B-按键调节式长手杖-12棱
Y020070193,战物拼接水桶45cm黑色基础版-KJ
Y03068030,雷凌海竿3.0米Ⅱ代
Y140124241,AK无结线组5.4米4.0号
Y140124292,怪兽强力无结线组4.5米1.5号
Y050201271,LD4000渔轮
20250715011,#N/A
Y140124281,怪兽强力无结线组3.6米3.0号
Y140124253,AK无结线组7.2米1.2号
Y140124256,AK无结线组7.2米2.5号
Y140124264,AK无结线组8.1米2.5号
Y050201268,LD1000渔轮
Y140124263,AK无结线组8.1米2.0号
Y140124266,AK无结线组8.1米4.0号
Y050125018,铅头钩7克1/0#钩（10枚）
Y050125015,铅头钩3.5克2#钩（10枚）
Y140124237,AK无结线组5.4米1.5号
Y140124252,AK无结线组7.2米1.0号
Y140124208,AK无结线组3.6米1.2号
Y140124221,AK无结线组4.5米1.0号
Y080524005,伞帽双层黑胶 大号布帽圈-果绿
Y140124268,AK无结线组8.1米6.0号
Y040125265,渔之源带围脸渔夫帽深灰色-KJ
Y020424009,战物收纳桶特大号
Y140124304,怪兽强力无结线组5.4米1.0号
Y140124220,AK无结线组4.5米0.8号
Y140124236,AK无结线组5.4米1.2号
Y020424008,战物收纳桶大号
Y050125091,全金属取钩器红色-KJ
Y140124212,AK无结线组3.6米3.0号
Y140124255,AK无结线组7.2米2.0号
Y140124305,怪兽强力无结线组5.4米1.2号
Y140124222,AK无结线组4.5米1.2号
Y140124290,怪兽强力无结线组4.5米1.0号
Y140124209,AK无结线组3.6米1.5号
Y140124254,AK无结线组7.2米1.5号
Y050125016,铅头钩5克1/0#钩（10枚）
Y140124211,AK无结线组3.6米2.5号
Y140124289,怪兽强力无结线组4.5米0.8号
Y140124291,怪兽强力无结线组4.5米1.2号
Y050125023,根钓钩3.5克2#钩（10枚）
Y050125021,根钓钩2.5克2#钩（10枚）
Y140124210,AK无结线组3.6米2.0号
Y140124235,AK无结线组5.4米1.0号
